{
    "charger": {
        "database": "charger",
        "username": "admin",
        "password": "sha8375!",
        "host": "charger.cppsbmxpasyf.us-east-2.rds.amazonaws.com",
        "port": 3306,
        "dialect": "mariadb",
        "logging": false,
        "timezone": "+09:00",
        "define": {
            "timestamps": false
        },
        "charset": "utf8",
        "dialectOptions": {
            "useUTC": false,
            "dateStrings": true,
            "typeCast": true
        }
    }
}